INSERT INTO public.address (cep,uf,city,district,street,"number",active) VALUES
	 ('80020000','PR','Curitiba','Centro','Rua XV de Novembro','123',true),
	 ('80240000','PR','Curitiba','Batel','Avenida Sete de Setembro','456',true),
	 ('80010000','PR','Curitiba','Centro','Rua Marechal Deodoro','789',true),
	 ('80020000','PR','Curitiba','Centro','Rua das Flores','101',true),
	 ('81070000','PR','Curitiba','Portão','Rua João Bettega','202',true),
	 ('83323000','PR','Pinhais','Centro','Rua Jacob Macanhan','303',true),
	 ('83323000','PR','Pinhais','Centro','Avenida Camilo Di Lellis','404',true),
	 ('83323000','PR','Pinhais','Centro','Rua Salgado Filho','505',true),
	 ('83323000','PR','Pinhais','Alphaville','Rua Rio Trombetas','606',true),
	 ('83323000','PR','Pinhais','Alphaville','Rua Rio Amazonas','707',true);
INSERT INTO public.address (cep,uf,city,district,street,"number",active) VALUES
	 ('87308854','PR','Campo Mourão','Jardim Villaggio Trombini','Avenida Irmãos Pereira','2',true),
	 ('83330010','PR','Pinhais','Jardim Amélia','Rua Costa e Silva','653',true),
	 ('83330010','PR','Pinhais','','Rua Costa e Silva','123',true),
	 ('83330010','PR','Pinhais','','Rua Costa e Silva','123',true),
	 ('30260080','MG','Belo Horizonte','','Avenida Churchill','123',true),
	 ('83330010','PR','Pinhais','','Rua Costa e Silva','123',true),
	 ('83330010','PR','Pinhais','','Rua Costa e Silva','123',true),
	 ('85012100','PR','Guarapuava','','Rua das Camélias','428',true),
	 ('82115070','PR','Curitiba','','Rua Natal Garib','978',true),
	 ('85958970','PR','Maripá','','Rua Guarani','4574',true);
INSERT INTO public.address (cep,uf,city,district,street,"number",active) VALUES
	 ('81210020','PR','Curitiba','','Rua Wenceslau Sarnacki','456',true),
	 ('82630470','PR','Curitiba','','Rua Antonino Teixeira','12',true),
	 ('84043730','PR','Ponta Grossa','','Rua Zumbi dos Palmares','567',true),
	 ('85817796','PR','Cascavel','','Rua Polydoro Fernandes','123',true),
	 ('85817796','PR','Cascavel','','Rua Polydoro Fernandes','123',true);

INSERT INTO public."user" (email,"name",surname,"password",active,profile) VALUES
	 ('leosalgado2004@gmail.com','Leonardo Felipe','Salgado','m28gMEP8sfkzQOz0XmHK5UcG9LPapnpPwDTLAIjDCnU=:PsP1fOFUw3nCYx6BDINzTA==',true,'CUSTOMER'),
	 ('joao.paulo@exemplo.com','João Paulo','Da Costa','ed+Q2bl+LJ9mmsEHdIG9i0bkdU1rlv5VozCdKV1k938=:dQgBP7P5XLDt6rvx7UbggQ==',true,'CUSTOMER'),
	 ('jose@example.com','José Estáquio','Malaquias Pinto','vCwCUvJK6Ny2teUEtRRD+jNhYb6zTWZq09ep4XC9MFA=:m/9IU9P470T/s2xiZBCk8Q==',true,'CUSTOMER'),
	 ('joana@exemplo.com','Joana','Cabrera','4ahDStuMGCoGrKZVSotcLfhvC2QNq84AIhrWxdgvDqM=:s3WnXO9IAJJwsbcgLkiARA==',true,'CUSTOMER'),
	 ('joaquina@exemplo.com','Joaquina','Manoela','DDVb/YtRAp1A5h1QtYZAPlwrV1IBbTHopgbKkPk2PtM=:CBbutcIOWcwisA0NKwTDpA==',true,'CUSTOMER'),
	 ('raul.ferreira@ufpr.br','Raul','Bana Ferreira','W95aOVDw/l2+6mLONymm4GoPQH6fA10piABVXfSiXMo=:ya0CVNIeryYiwJW2DMpMqA==',true,'EMPLOYEE'),
	 ('alisson.gab.santos@gmail.com','Alisson Gabriel','Santos','5l2RTb163rXRO6/IchfGvfVfYplFBbzP9rK4zIqG2io=:mWvo+I4QK4IcjLLUraPJyA==',true,'CUSTOMER'),
	 ('mateus.bespalhok@ufpr.br','Mateus','Bazan Bespalhok','UM2j2n43qpj7TZZ6Io62rwp5BnzsOrvyy123GBvNxPM=:vFZIvqzXRwnKuFPRHuo5cA==',true,'CUSTOMER'),
	 ('leonardo.fsalgado04@gmail.com','Leonardo Felipe','Salgado','e4/tskiIun6Ov4ShHuc/8xoFcnM66iwyBJyKoY/A8qo=:xkaZTi6dGZA0DDLbKBYUWw==',true,'CUSTOMER'),
	 ('maria@exemplo.com','Maria','do Credo','FGNI+5lwNuhNqGQS0zBBAP8cCsT3pGwF0bQObFPsHHk=:/0uwdog+8q+KFh3M7G2h8g==',true,'EMPLOYEE');
INSERT INTO public."user" (email,"name",surname,"password",active,profile) VALUES
	 ('mario@exemplo.com','Mario','Paiva Andrade','5W8rvFVkoRDuAHFKCuzzBQtoeezp1ZaGHxc/JJJYquU=:lHxLCmuEtcdXxAtNjahEKQ==',true,'EMPLOYEE'),
	 ('pedrode@ufpr.br','Pedro','Henrique de Souza','aQkDQ/HpD7dcMmrDtwH3gF78I2ws7kW0XVC+KjElX/w=:aydP0gkOmu+jQm63V9aSqg==',true,'EMPLOYEE'),
	 ('gabriel.troni@ufpr.br','Gabriel','Troni','Lq/yU9WWEpB3BvY+RXsFv3bx/rcj1cYCbBpF3hJe8Lw=:fKb/d+bcVFoP4RPBRVEE9g==',true,'EMPLOYEE'),
	 ('martin.fowler@example.br','Martin','Fowler','XW+Y+qf8aFfpW2yNp4b9orHrHwKyVV5e0SgYyhqKTe8=:FwyRp/QcCFExMcVnr7uhug==',true,'EMPLOYEE');

INSERT INTO public.customer (user_id,cpf,phone_number,address_id,active) VALUES
	 (4,'66880749070','41984402949',20,true),
	 (5,'13685230050','41948643546',21,true),
	 (6,'83721626036','41988323235',22,true),
	 (7,'94602826016','41996866865',23,true),
	 (8,'72425565035','41980927309',24,true),
	 (12,'84600476018','47230523523',25,true),
	 (13,'62262634076','41808098090',26,true),
	 (14,'52689658089','41984402049',27,true);

INSERT INTO public.employee (user_id,birth_date,active) VALUES
	 (9,'1988-05-11',true),
	 (3,'1988-05-12',true),
	 (1,'1982-06-15',true),
	 (10,'2001-04-11',true),
	 (11,'2002-07-22',true),
	 (15,'1957-07-22',true);

INSERT INTO public.equip_category (category_desc,active) VALUES
	 ('Impresssoras',true),
	 ('Teclado',false),
	 ('Notebook',true),
	 ('Desktop',true),
	 ('Ventilador',false),
	 ('Monitor',false),
	 ('Celular',false),
	 ('Mouse',true),
	 ('Teclado',false);

INSERT INTO public.request (equip_desc,defect_desc,budget,repair_desc,customer_orientations,equip_category_id,customer_id,active,reject_reason) VALUES
	 ('Notebook Asus','Aplicativos não estão abrindo.',180.00,NULL,NULL,1,12,true,'Vi um tutorial no YouTube e resolveu'),
	 ('Computador Lenovo','Sistema operacional não responde.',285.00,NULL,NULL,1,12,true,NULL),
	 ('Laptop Toshiba','Sem resposta ao pressionar o botão de ligar.',415.00,NULL,NULL,1,12,true,'Muito caro né? Prefiro comprar um novo na Black Friday'),
	 ('Desktop Dell','Não liga após a atualização.',200.00,NULL,NULL,2,12,true,NULL),
	 ('Iphone 15 Apple','Tela está trincada.',2500.00,'Vendi minha alma para comprar outra tela','Por favor, cuide melhor dela. Use película',7,8,true,NULL),
	 ('Impressora Canon','Impressões saem borradas.',475.00,NULL,NULL,3,6,true,'Vou trocar de impressora'),
	 ('Desktop Sony','Erro na inicialização.',425.00,NULL,NULL,2,6,true,'Já estava querendo desmontar mesmo'),
	 ('Mouse Gamer RGB Trust GXT 138','Meu mouse parou de funcionar subitamente após eu tentar transformá-lo em um mouse sem fio. Não sei o que pode ter acontecido',1000.00,NULL,NULL,4,12,true,NULL),
	 ('Impressora Epson TX115','Impressora acusa não ter tinta amarela, mesmo depois de eu trocar',150.00,'Limpei o sensor de tinta','Não sujar o senso de tinta. Doido',3,14,true,'Imaginei que seria mais barato'),
	 ('Computador Positivo Unique 1GB','Estava funcionando normalmente, mas não ligou.',145.00,NULL,NULL,1,5,true,NULL);
INSERT INTO public.request (equip_desc,defect_desc,budget,repair_desc,customer_orientations,equip_category_id,customer_id,active,reject_reason) VALUES
	 ('Desktop HP','Ruído excessivo durante o funcionamento.',250.00,'Limpei a ventoinha','Faça limpezas mais frequentes',2,7,true,NULL),
	 ('Mouse Razer','O sensor do mouse está inoperante.',0.00,NULL,NULL,4,5,true,NULL),
	 ('Monitor LG 27 polegadas','Áreas da tela não respondem.',350.00,NULL,NULL,6,7,true,NULL),
	 ('Teclado Microsoft','Teclas não respondem.',400.00,'Tirei as teclas, limpei o pó do teclado, e coloquei elas de volta','Faça limpezas mais frequentes',5,5,true,NULL),
	 ('Impressora HP LaserJet','Erro de conexão via Wi-Fi.',315.00,'Atualizei o driver da impressora','Se ele apontar erro de conexão novamente, reinicie o modem',3,5,true,NULL),
	 ('Notebook Acer','O desempenho é abaixo do esperado.',350.00,NULL,NULL,1,5,true,NULL),
	 ('Impressora Epson','Impressora não responde ao comando de impressão.',475.00,NULL,NULL,3,5,true,NULL),
	 ('Notebook Dell Inspiron','Desempenho abaixo do esperado.',200.00,'Fiz um backup dos arquivos importantes e formatei o pc','Não deixei acumular muito lixo na memória',1,6,true,NULL),
	 ('Epson TX115 Series','O leitor de nível de tinta está falhando, as vezes o cartucho é novo e a impressão diz que precisa recarregar',560.00,NULL,NULL,3,13,true,NULL),
	 ('Samsung A30','A camera traseira não foca em nada.',150.00,'Atualizei os drivers da câmera e mudei a configuração','Considere comprar um novo',7,13,true,NULL);
INSERT INTO public.request (equip_desc,defect_desc,budget,repair_desc,customer_orientations,equip_category_id,customer_id,active,reject_reason) VALUES
	 ('Teclado mecânico Logitech','A tecla "A" não funciona.',0.00,NULL,NULL,5,13,true,NULL);

INSERT INTO public.request_status (date_time,request_id,sending_employee_id,in_charge_employee_id,status,active) VALUES
	 ('2024-12-08 19:14:17.357',62,NULL,NULL,'OPEN'::public.status_enum,true),
	 ('2024-12-08 19:15:47.199',62,NULL,9,'BUDGETED'::public.status_enum,true),
	 ('2024-12-08 19:16:55.7',62,NULL,NULL,'REJECTED'::public.status_enum,true),
	 ('2024-12-08 19:17:36.679',62,NULL,NULL,'APPROVED'::public.status_enum,true),
	 ('2024-12-08 19:19:59.409',62,NULL,9,'FIXED'::public.status_enum,true),
	 ('2024-12-08 19:20:56.319',62,NULL,NULL,'PAID'::public.status_enum,true),
	 ('2024-12-08 19:22:01.427',61,9,10,'REDIRECTED'::public.status_enum,true),
	 ('2024-12-08 19:23:10.648',62,NULL,9,'FINALIZED'::public.status_enum,true),
	 ('2024-12-08 08:38:50',42,NULL,NULL,'OPEN'::public.status_enum,true),
	 ('2024-11-12 14:45:37',43,NULL,NULL,'OPEN'::public.status_enum,true);
INSERT INTO public.request_status (date_time,request_id,sending_employee_id,in_charge_employee_id,status,active) VALUES
	 ('2024-11-15 10:15:52',44,NULL,NULL,'OPEN'::public.status_enum,true),
	 ('2024-10-02 15:17:02',45,NULL,NULL,'OPEN'::public.status_enum,true),
	 ('2024-11-24 11:18:28',46,NULL,NULL,'OPEN'::public.status_enum,true),
	 ('2024-09-27 14:37:42',47,NULL,NULL,'OPEN'::public.status_enum,true),
	 ('2024-10-23 10:38:11',48,NULL,NULL,'OPEN'::public.status_enum,true),
	 ('2024-09-16 15:47:37',49,NULL,NULL,'OPEN'::public.status_enum,true),
	 ('2024-09-15 08:55:11',50,NULL,NULL,'OPEN'::public.status_enum,true),
	 ('2024-11-23 08:45:44',51,NULL,NULL,'OPEN'::public.status_enum,true),
	 ('2024-11-03 15:32:36',52,NULL,NULL,'OPEN'::public.status_enum,true),
	 ('2024-09-17 16:55:05',53,NULL,NULL,'OPEN'::public.status_enum,true);
INSERT INTO public.request_status (date_time,request_id,sending_employee_id,in_charge_employee_id,status,active) VALUES
	 ('2024-10-28 13:18:38',54,NULL,NULL,'OPEN'::public.status_enum,true),
	 ('2024-10-01 08:07:03',55,NULL,NULL,'OPEN'::public.status_enum,true),
	 ('2024-11-07 14:07:34',56,NULL,NULL,'OPEN'::public.status_enum,true),
	 ('2024-10-16 15:35:21',57,NULL,NULL,'OPEN'::public.status_enum,true),
	 ('2024-10-15 11:06:08',58,NULL,NULL,'OPEN'::public.status_enum,true),
	 ('2024-10-16 08:53:33',59,NULL,NULL,'OPEN'::public.status_enum,true),
	 ('2024-10-01 11:07:28',60,NULL,NULL,'OPEN'::public.status_enum,true),
	 ('2024-11-27 13:04:00',61,NULL,NULL,'OPEN'::public.status_enum,true),
	 ('2024-10-07 10:14:51',61,NULL,9,'BUDGETED'::public.status_enum,true),
	 ('2024-10-17 09:35:42',44,NULL,9,'BUDGETED'::public.status_enum,true);
INSERT INTO public.request_status (date_time,request_id,sending_employee_id,in_charge_employee_id,status,active) VALUES
	 ('2024-11-30 13:25:32',51,NULL,9,'BUDGETED'::public.status_enum,true),
	 ('2024-10-20 12:10:00',58,NULL,9,'BUDGETED'::public.status_enum,true),
	 ('2024-10-07 14:52:50',45,NULL,10,'BUDGETED'::public.status_enum,true),
	 ('2024-11-05 12:55:41',47,NULL,10,'BUDGETED'::public.status_enum,true),
	 ('2024-12-05 12:46:08',50,NULL,10,'BUDGETED'::public.status_enum,true),
	 ('2024-09-19 09:00:20',59,NULL,10,'BUDGETED'::public.status_enum,true),
	 ('2024-10-10 13:08:28',57,NULL,11,'BUDGETED'::public.status_enum,true),
	 ('2024-09-14 13:39:26',48,NULL,11,'BUDGETED'::public.status_enum,true),
	 ('2024-11-05 10:57:10',60,NULL,11,'BUDGETED'::public.status_enum,true),
	 ('2024-10-28 16:02:44',49,NULL,11,'BUDGETED'::public.status_enum,true);
INSERT INTO public.request_status (date_time,request_id,sending_employee_id,in_charge_employee_id,status,active) VALUES
	 ('2024-11-20 08:20:06',55,NULL,1,'BUDGETED'::public.status_enum,true),
	 ('2024-10-20 12:07:40',53,NULL,1,'BUDGETED'::public.status_enum,true),
	 ('2024-11-15 12:08:32',56,NULL,1,'BUDGETED'::public.status_enum,true),
	 ('2024-11-18 08:05:22',52,NULL,1,'BUDGETED'::public.status_enum,true),
	 ('2024-10-16 11:10:30',54,NULL,3,'BUDGETED'::public.status_enum,true),
	 ('2024-09-26 15:25:02',42,NULL,3,'BUDGETED'::public.status_enum,true),
	 ('2024-10-23 15:12:23',51,NULL,NULL,'APPROVED'::public.status_enum,true),
	 ('2024-11-01 08:21:28',42,NULL,NULL,'APPROVED'::public.status_enum,true),
	 ('2024-11-04 12:40:58',44,NULL,NULL,'APPROVED'::public.status_enum,true),
	 ('2024-12-01 13:44:16',61,NULL,NULL,'APPROVED'::public.status_enum,true);
INSERT INTO public.request_status (date_time,request_id,sending_employee_id,in_charge_employee_id,status,active) VALUES
	 ('2024-12-04 09:39:07',45,NULL,NULL,'APPROVED'::public.status_enum,true),
	 ('2024-12-02 15:17:48',49,NULL,NULL,'APPROVED'::public.status_enum,true),
	 ('2024-12-05 14:03:17',57,NULL,NULL,'APPROVED'::public.status_enum,true),
	 ('2024-11-15 08:41:18',52,NULL,NULL,'APPROVED'::public.status_enum,true),
	 ('2024-09-19 11:43:48',60,NULL,NULL,'REJECTED'::public.status_enum,true),
	 ('2024-11-27 13:02:21',54,NULL,NULL,'REJECTED'::public.status_enum,true),
	 ('2024-10-24 14:04:47',56,NULL,NULL,'APPROVED'::public.status_enum,true),
	 ('2024-10-12 10:50:56',47,NULL,NULL,'APPROVED'::public.status_enum,true),
	 ('2024-09-30 16:29:12',59,NULL,NULL,'REJECTED'::public.status_enum,true),
	 ('2024-10-30 08:18:23',53,NULL,NULL,'APPROVED'::public.status_enum,true);
INSERT INTO public.request_status (date_time,request_id,sending_employee_id,in_charge_employee_id,status,active) VALUES
	 ('2024-10-07 14:15:40',55,NULL,NULL,'REJECTED'::public.status_enum,true),
	 ('2024-12-03 15:07:41',55,NULL,NULL,'APPROVED'::public.status_enum,true),
	 ('2024-09-13 11:35:22',49,NULL,11,'FIXED'::public.status_enum,true),
	 ('2024-12-06 16:49:56',57,NULL,11,'FIXED'::public.status_enum,true),
	 ('2024-12-07 16:03:24',44,9,10,'REDIRECTED'::public.status_enum,true),
	 ('2024-10-01 12:40:50',51,NULL,9,'FIXED'::public.status_enum,true),
	 ('2024-10-25 10:54:38',42,3,9,'REDIRECTED'::public.status_enum,true),
	 ('2024-09-25 12:29:49',45,NULL,10,'FIXED'::public.status_enum,true),
	 ('2024-12-08 15:10:08',47,NULL,10,'FIXED'::public.status_enum,true),
	 ('2024-12-01 09:32:47',44,NULL,10,'FIXED'::public.status_enum,true);
INSERT INTO public.request_status (date_time,request_id,sending_employee_id,in_charge_employee_id,status,active) VALUES
	 ('2024-09-17 14:51:54',53,1,3,'REDIRECTED'::public.status_enum,true),
	 ('2024-11-23 15:06:36',51,NULL,NULL,'PAID'::public.status_enum,true),
	 ('2024-10-28 11:28:59',55,1,3,'REDIRECTED'::public.status_enum,true),
	 ('2024-09-18 15:52:33',49,NULL,NULL,'PAID'::public.status_enum,true),
	 ('2024-11-25 12:45:44',45,NULL,NULL,'PAID'::public.status_enum,true),
	 ('2024-11-23 15:42:03',44,NULL,NULL,'PAID'::public.status_enum,true),
	 ('2024-10-27 08:05:56',44,NULL,10,'FINALIZED'::public.status_enum,true),
	 ('2024-11-20 16:36:17',51,NULL,9,'FINALIZED'::public.status_enum,true);